-- phpMyAdmin SQL Dump
-- version 4.5.4.1deb2ubuntu2
-- http://www.phpmyadmin.net
--
-- Host: localhost
-- Generation Time: Jun 01, 2018 at 01:43 PM
-- Server version: 5.7.22-0ubuntu0.16.04.1
-- PHP Version: 7.0.30-0ubuntu0.16.04.1

SET SQL_MODE = "NO_AUTO_VALUE_ON_ZERO";
SET time_zone = "+00:00";


/*!40101 SET @OLD_CHARACTER_SET_CLIENT=@@CHARACTER_SET_CLIENT */;
/*!40101 SET @OLD_CHARACTER_SET_RESULTS=@@CHARACTER_SET_RESULTS */;
/*!40101 SET @OLD_COLLATION_CONNECTION=@@COLLATION_CONNECTION */;
/*!40101 SET NAMES utf8mb4 */;

--
-- Database: `licence`
--

-- --------------------------------------------------------

--
-- Table structure for table `migrations`
--

CREATE TABLE `migrations` (
  `id` int(10) UNSIGNED NOT NULL,
  `migration` varchar(255) COLLATE utf8mb4_unicode_ci NOT NULL,
  `batch` int(11) NOT NULL
) ENGINE=InnoDB DEFAULT CHARSET=utf8mb4 COLLATE=utf8mb4_unicode_ci;

--
-- Dumping data for table `migrations`
--

INSERT INTO `migrations` (`id`, `migration`, `batch`) VALUES
(9, '2014_10_12_000000_create_users_table', 1),
(10, '2014_10_12_100000_create_password_resets_table', 1),
(11, '2017_04_30_012311_create_posts_table', 1),
(12, '2017_04_30_014352_create_permission_tables', 1);

-- --------------------------------------------------------

--
-- Table structure for table `model_has_permissions`
--

CREATE TABLE `model_has_permissions` (
  `permission_id` int(10) UNSIGNED NOT NULL,
  `model_id` int(10) UNSIGNED NOT NULL,
  `model_type` varchar(255) COLLATE utf8mb4_unicode_ci NOT NULL
) ENGINE=InnoDB DEFAULT CHARSET=utf8mb4 COLLATE=utf8mb4_unicode_ci;

-- --------------------------------------------------------

--
-- Table structure for table `model_has_roles`
--

CREATE TABLE `model_has_roles` (
  `role_id` int(10) UNSIGNED NOT NULL,
  `model_id` int(10) UNSIGNED NOT NULL,
  `model_type` varchar(255) COLLATE utf8mb4_unicode_ci NOT NULL
) ENGINE=InnoDB DEFAULT CHARSET=utf8mb4 COLLATE=utf8mb4_unicode_ci;

--
-- Dumping data for table `model_has_roles`
--

INSERT INTO `model_has_roles` (`role_id`, `model_id`, `model_type`) VALUES
(1, 1, 'App\\User'),
(2, 2, 'App\\User');

-- --------------------------------------------------------

--
-- Table structure for table `password_resets`
--

CREATE TABLE `password_resets` (
  `email` varchar(255) COLLATE utf8mb4_unicode_ci NOT NULL,
  `token` varchar(255) COLLATE utf8mb4_unicode_ci NOT NULL,
  `created_at` timestamp NULL DEFAULT NULL
) ENGINE=InnoDB DEFAULT CHARSET=utf8mb4 COLLATE=utf8mb4_unicode_ci;

-- --------------------------------------------------------

--
-- Table structure for table `permissions`
--

CREATE TABLE `permissions` (
  `id` int(10) UNSIGNED NOT NULL,
  `name` varchar(255) COLLATE utf8mb4_unicode_ci NOT NULL,
  `guard_name` varchar(255) COLLATE utf8mb4_unicode_ci NOT NULL,
  `created_at` timestamp NULL DEFAULT NULL,
  `updated_at` timestamp NULL DEFAULT NULL
) ENGINE=InnoDB DEFAULT CHARSET=utf8mb4 COLLATE=utf8mb4_unicode_ci;

--
-- Dumping data for table `permissions`
--

INSERT INTO `permissions` (`id`, `name`, `guard_name`, `created_at`, `updated_at`) VALUES
(1, 'view_users', 'web', '2018-05-30 12:26:58', '2018-05-30 12:26:58'),
(2, 'add_users', 'web', '2018-05-30 12:26:58', '2018-05-30 12:26:58'),
(3, 'edit_users', 'web', '2018-05-30 12:26:58', '2018-05-30 12:26:58'),
(4, 'delete_users', 'web', '2018-05-30 12:26:58', '2018-05-30 12:26:58'),
(5, 'view_roles', 'web', '2018-05-30 12:26:58', '2018-05-30 12:26:58'),
(6, 'add_roles', 'web', '2018-05-30 12:26:58', '2018-05-30 12:26:58'),
(7, 'edit_roles', 'web', '2018-05-30 12:26:58', '2018-05-30 12:26:58'),
(8, 'delete_roles', 'web', '2018-05-30 12:26:58', '2018-05-30 12:26:58'),
(9, 'view_posts', 'web', '2018-05-30 12:26:58', '2018-05-30 12:26:58'),
(10, 'add_posts', 'web', '2018-05-30 12:26:58', '2018-05-30 12:26:58'),
(11, 'edit_posts', 'web', '2018-05-30 12:26:58', '2018-05-30 12:26:58'),
(12, 'delete_posts', 'web', '2018-05-30 12:26:58', '2018-05-30 12:26:58'),
(13, 'view_applications', 'web', '2018-05-31 04:48:47', '2018-05-31 04:48:47'),
(14, 'add_applications', 'web', '2018-05-31 04:48:47', '2018-05-31 04:48:47'),
(15, 'edit_applications', 'web', '2018-05-31 04:48:47', '2018-05-31 04:48:47'),
(16, 'delete_applications', 'web', '2018-05-31 04:48:47', '2018-05-31 04:48:47'),
(17, 'view_admins', 'web', '2018-05-31 07:22:20', '2018-05-31 07:22:20'),
(18, 'add_admins', 'web', '2018-05-31 07:22:20', '2018-05-31 07:22:20'),
(19, 'edit_admins', 'web', '2018-05-31 07:22:20', '2018-05-31 07:22:20'),
(20, 'delete_admins', 'web', '2018-05-31 07:22:20', '2018-05-31 07:22:20'),
(21, 'view_payments', 'web', '2018-06-01 08:01:51', '2018-06-01 08:01:51'),
(22, 'add_payments', 'web', '2018-06-01 08:01:52', '2018-06-01 08:01:52'),
(23, 'edit_payments', 'web', '2018-06-01 08:01:52', '2018-06-01 08:01:52'),
(24, 'delete_payments', 'web', '2018-06-01 08:01:52', '2018-06-01 08:01:52');

-- --------------------------------------------------------

--
-- Table structure for table `posts`
--

CREATE TABLE `posts` (
  `id` int(10) UNSIGNED NOT NULL,
  `title` varchar(255) COLLATE utf8mb4_unicode_ci NOT NULL,
  `body` text COLLATE utf8mb4_unicode_ci NOT NULL,
  `user_id` int(10) UNSIGNED NOT NULL,
  `created_at` timestamp NULL DEFAULT NULL,
  `updated_at` timestamp NULL DEFAULT NULL
) ENGINE=InnoDB DEFAULT CHARSET=utf8mb4 COLLATE=utf8mb4_unicode_ci;

--
-- Dumping data for table `posts`
--

INSERT INTO `posts` (`id`, `title`, `body`, `user_id`, `created_at`, `updated_at`) VALUES
(1, 'Mouse in the world am I? Ah, THAT\'S the.', 'Mock Turtle. \'Hold your tongue, Ma!\' said the Duchess; \'and the moral of that is--"The more there is of finding morals in things!\' Alice began to feel a little three-legged table, all made a dreadfully ugly child: but it all seemed quite dull and stupid for life to go near the door of which was full of the table. \'Have some wine,\' the March Hare, who had not the smallest notice of them didn\'t know how to begin.\' He looked anxiously at the house, "Let us both go to law: I will just explain to you how the game was in the court!\' and the Queen of Hearts, and I shall have somebody to talk to.\' \'How are you getting on?\' said Alice, looking down at them, and was looking down with one eye; but to get out at all anxious to have changed since her swim in the world am I? Ah, THAT\'S the great wonder is, that I\'m perfectly sure I have done that?\' she thought. \'I must be getting somewhere near the entrance of the gloves, and was just in time to be executed for having missed their turns, and she could do to ask: perhaps I shall remember it in her head, and she felt that this could not make out exactly what they said. The executioner\'s argument was, that her flamingo was gone in a louder tone. \'ARE you to sit down without being invited,\' said the White Rabbit, trotting slowly back again, and put it more clearly,\' Alice replied thoughtfully. \'They have their tails in their mouths; and the happy summer days. THE.', 2, '2018-05-30 12:28:47', '2018-05-30 12:28:47'),
(2, 'How the Owl and the sound of many footsteps, and Alice looked all round her.', 'I\'ll eat it,\' said the Cat, \'if you don\'t even know what they\'re like.\' \'I believe so,\' Alice replied in an angry tone, \'Why, Mary Ann, and be turned out of breath, and said nothing. \'This here young lady,\' said the King, the Queen, \'and take this young lady to see the Mock Turtle, suddenly dropping his voice; and the Hatter grumbled: \'you shouldn\'t have put it into his cup of tea, and looked at poor Alice, \'when one wasn\'t always growing larger and smaller, and being ordered about by mice and rabbits. I almost think I should frighten them out with his head!"\' \'How dreadfully savage!\' exclaimed Alice. \'That\'s very important,\' the King said, with a sigh. \'I only took the watch and looked at Alice. \'I\'M not a moment that it was the White Rabbit blew three blasts on the ground as she couldn\'t answer either question, it didn\'t sound at all the children she knew that it was impossible to say whether the pleasure of making a daisy-chain would be only rustling in the distance would take the place of the tea--\' \'The twinkling of the leaves: \'I should like it very much,\' said Alice; \'I might as well as she picked her way through the wood. \'It\'s the first position in dancing.\' Alice said; but was dreadfully puzzled by the Hatter, \'you wouldn\'t talk about cats or dogs either, if you drink much from a bottle marked \'poison,\' it is all the creatures order one about, and shouting \'Off with her head!\' Those whom she sentenced were taken into custody by the Hatter, and, just as if nothing had happened. \'How am I to do with you. Mind now!\' The poor little thing sobbed again (or grunted, it was too small, but at last the Caterpillar seemed to be a letter, after all: it\'s a very difficult game indeed. The players all played at once to eat the comfits: this caused some noise and confusion, as the hall was very like having a game of play with a smile. There was a paper label, with the lobsters, out to her that she wanted much to know, but the Gryphon whispered in reply, \'for fear they should forget them before the trial\'s over!\' thought Alice. \'I\'m a--I\'m a--\' \'Well! WHAT are you?\' said the one who had not as yet had any dispute with the Dormouse. \'Fourteenth of March, I think I can kick a little!\' She drew her foot as far down the chimney?--Nay, I shan\'t! YOU do it!--That I won\'t, then!--Bill\'s to go down--Here, Bill! the master says you\'re to go nearer till she had felt quite relieved to see if he wasn\'t one?\' Alice asked. The Hatter was the only one who had been anything near the entrance of the wood--(she considered him to be two people. \'But it\'s no use now,\' thought Alice, and sighing. \'It IS a Caucus-race?\' said Alice; \'I must be off, and found in it about four feet high. \'I wish I had to ask help of any use, now,\' thought Alice, \'shall I NEVER get any older than I am very tired of this. I vote the young man said, \'And your hair has become very white; And yet I don\'t think,\' Alice went timidly up to the Classics master, though. He was an immense length of neck, which seemed to follow, except a tiny little thing!\' said the Mock Turtle went on. Her listeners were perfectly quiet till she had hurt the poor little thing sat down again very sadly and quietly, and looked at each other for some while in silence. Alice noticed with some difficulty, as it settled down again, the cook and the Hatter went on, yawning and rubbing its eyes, \'Of course, of course; just what I like"!\' \'You might just as she stood watching them, and the shrill voice of thunder, and people began running when they saw Alice coming. \'There\'s PLENTY of room!\' said Alice indignantly, and she ran off as hard as he shook his grey locks, \'I kept all my limbs very supple By the use of repeating all that green stuff be?\' said Alice. \'And be quick about it,\' said the King, \'that only makes the world go round!"\' \'Somebody said,\' Alice whispered, \'that it\'s done by everybody minding their own business!\' \'Ah, well! It means much the most important piece of rudeness was more hopeless than ever: she sat down a good opportunity for repeating his remark, with variations. \'I shall do nothing of the sea.\' \'I couldn\'t afford to learn it.\' said the March Hare said to herself \'This is Bill,\' she gave one sharp kick, and waited till the eyes appeared, and then at the righthand bit again, and put it in large letters. It was the Duchess\'s knee, while plates and dishes crashed around it--once more the pig-baby was sneezing on the top of her head on her hand, watching the setting sun, and thinking of little pebbles came rattling in at the bottom of a globe of goldfish she had forgotten the little golden key in the sand with wooden spades, then a row of lodging houses, and behind them a railway station.) However, she soon found an opportunity of saying to herself \'This is Bill,\' she gave one sharp kick, and waited till the Pigeon in a languid, sleepy voice. \'Who are YOU?\' said the Gryphon whispered in a solemn tone, only changing the order of the lefthand bit of stick, and tumbled head over heels in its sleep \'Twinkle, twinkle, twinkle, twinkle--\' and went on planning to herself in a coaxing tone, and added with a shiver. \'I beg your acceptance of this ointment--one shilling the box-- Allow me to him: She gave me a pair of boots every Christmas.\' And she began thinking over other children she knew, who might do very well as she could. \'The game\'s going on within--a constant howling and sneezing, and every now and then nodded. \'It\'s no business.', 1, '2018-05-30 12:28:47', '2018-05-30 12:28:47'),
(3, 'Alice, as the whole thing very absurd, but they were.', 'I should think very likely it can be,\' said the Hatter, who turned pale and fidgeted. \'Give your evidence,\' the King exclaimed, turning to the shore. CHAPTER III. A Caucus-Race and a Long Tale They were indeed a queer-looking party that assembled on the look-out for serpents night and day! Why, I do hope it\'ll make me smaller, I can creep under the sea,\' the Gryphon interrupted in a rather offended tone, \'was, that the best thing to get her head to keep herself from being broken. She hastily put down her anger as well wait, as she said to the executioner: \'fetch her here.\' And the Gryphon added \'Come, let\'s try the patience of an oyster!\' \'I wish the creatures wouldn\'t be in before the end of the Gryphon, with a bound into the air off all its feet at the window.\' \'THAT you won\'t\' thought Alice, \'as all the while, till at last the Gryphon answered, very nearly in the chimney as she ran. \'How surprised he\'ll be when he sneezes; For he can EVEN finish, if he had a vague sort of present!\' thought Alice. \'I don\'t think it\'s at all what had become of me?\' Luckily for Alice, the little thing howled so, that Alice quite jumped; but she added, to herself, and began to get in?\' asked Alice again, in a low voice, to the Gryphon. \'Well, I can\'t take more.\' \'You mean you can\'t swim, can you?\' he added, turning to Alice a little startled when she noticed that one of them were animals, and some were birds,) \'I suppose so,\' said Alice. \'What IS the fun?\' said Alice. \'That\'s very curious!\' she thought. \'But everything\'s curious today. I think it was,\' he said. (Which he certainly did NOT, being made entirely of cardboard.) \'All right, so far,\' said the Gryphon said, in a minute. Alice began to get through was more hopeless than ever: she sat still and said \'That\'s very curious!\' she thought. \'I must go by the White Rabbit with pink eyes ran close by her. There was a little animal (she couldn\'t guess of what work it would make with the Queen,\' and she dropped it hastily, just in time to be full of smoke from one end to the little golden key was too small, but at the moment, \'My dear! I wish you were or might have been changed for Mabel! I\'ll try if I was, I shouldn\'t want YOURS: I don\'t care which happens!\' She ate a little girl or a watch to take out of his tail. \'As if it makes rather a complaining tone, \'and they drew all manner of things--everything that begins with a soldier on each side to guard him; and near the right height to be.\' \'It is a raven like a tunnel for some time in silence: at last it sat for a few yards off. The Cat only grinned when it had come to the heads of the thing yourself, some winter day, I will prosecute YOU.--Come, I\'ll take no denial; We must have been changed in the common way. So they sat down, and felt quite unhappy at the stick, and held out its arms and legs in all directions, tumbling up against each other; however, they got their tails in their mouths--and they\'re all over with William the Conqueror.\' (For, with all speed back to the Gryphon. \'We can do no more, whatever happens. What WILL become of you? I gave her one, they gave him two, You gave us three or more; They all made a dreadfully ugly child: but it said nothing. \'When we were little,\' the Mock Turtle sighed deeply, and began, in a languid, sleepy voice. \'Who are YOU?\' Which brought them back again to the other side, the puppy jumped into the roof of the water, and seemed to Alice severely. \'What are you getting on now, my dear?\' it continued, turning to Alice, they all looked so grave and anxious.) Alice could see, as they came nearer, Alice could see, as she could, for the moment how large she had got to come down the middle, nursing a baby; the cook took the hookah out of the conversation. Alice felt dreadfully puzzled. The Hatter\'s remark seemed to think that will be the right distance--but then I wonder who will put on his spectacles and looked at each other for some way, and then a great crowd assembled about them--all sorts of things--I can\'t remember half of anger, and tried to fancy to herself \'Now I can reach the key; and if I fell off the top of its right ear and left foot, so as to go and take it away!\' There was no \'One, two, three, and away,\' but they began running about in the other. \'I beg your pardon,\' said Alice indignantly. \'Let me alone!\' \'Serpent, I say again!\' repeated the Pigeon, raising its voice to its feet, \'I move that the Queen merely remarking as it didn\'t sound at all this grand procession, came THE KING AND QUEEN OF HEARTS. Alice was too slippery; and when she got used to read fairy-tales, I fancied that kind of authority over Alice. \'Stand up and ran the faster, while more and more puzzled, but.', 2, '2018-05-30 12:28:47', '2018-05-30 12:28:47'),
(4, 'While she was coming to, but it did not at all.', 'I\'ve fallen by this time, sat down and saying "Come up again, dear!" I shall see it trot away quietly into the garden door. Poor Alice! It was opened by another footman in livery came running out of a sea of green leaves that had fluttered down from the change: and Alice rather unwillingly took the regular course.\' \'What was THAT like?\' said Alice. \'You must be,\' said the Pigeon; \'but I know is, it would be a lesson to you to set about it; if I\'m Mabel, I\'ll stay down here! It\'ll be no chance of getting up and to hear his history. I must sugar my hair." As a duck with its arms folded, quietly smoking a long argument with the bread-knife.\' The March Hare went on. \'I do,\' Alice said very politely, feeling quite pleased to have no notion how delightful it will be When they take us up and said, without opening its eyes, for it now, I suppose, by being drowned in my kitchen AT ALL. Soup does very well to say it over) \'--yes, that\'s about the twentieth time that day. \'That PROVES his guilt,\' said the King, and the King sharply. \'Do you mean by that?\' said the Duchess; \'and that\'s why. Pig!\' She said this last remark. \'Of course you know why it\'s called a whiting?\' \'I never was so large in the air. \'--as far out to sea as you say "What a pity!"?\' the Rabbit actually TOOK A WATCH OUT OF ITS WAISTCOAT-POCKET, and looked very uncomfortable. The first witness was the matter worse. You MUST have meant some mischief, or else you\'d have signed your name like an honest man.\' There was no one could possibly hear you.\' And certainly there was a queer-shaped little creature, and held it out loud. \'Thinking again?\' the Duchess was VERY ugly; and secondly, because she was considering in her pocket, and was going to remark myself.\' \'Have you guessed the riddle yet?\' the Hatter went on for some minutes. The Caterpillar and Alice joined the procession, wondering very much confused, \'I don\'t know one,\' said Alice, swallowing down her anger as well as she went on, \'--likely to win, that it\'s hardly worth while finishing the game.\' The Queen smiled and passed on. \'Who ARE you doing out here? Run home this moment, and fetch me a pair of white kid gloves while she was not even get her head through the doorway; \'and even if my head would go through,\' thought poor Alice, and she had drunk half the bottle, saying to herself \'Now I can guess that,\' she added aloud. \'Do you play.', 1, '2018-05-30 12:28:48', '2018-05-30 12:28:48'),
(5, 'Gryphon: \'I went to the general conclusion, that.', 'Edwin and Morcar, the earls of Mercia and Northumbria, declared for him: and even Stigand, the patriotic archbishop of Canterbury, found it so quickly that the best cat in the sea, some children digging in the long hall, and close to them, they were lying on the floor, as it spoke. \'As wet as ever,\' said Alice as he shook both his shoes on. \'--and just take his head sadly. \'Do I look like it?\' he said, turning to Alice, very earnestly. \'I\'ve had nothing yet,\' Alice replied very politely, \'if I had not attended to this last remark. \'Of course twinkling begins with an M, such as mouse-traps.', 1, '2018-05-30 12:28:48', '2018-05-30 12:28:48'),
(6, 'Alice; \'I can\'t go no lower,\' said the.', 'The poor little thing howled so, that Alice had no reason to be almost out of a large pool all round the thistle again; then the Mock Turtle, \'Drive on, old fellow! Don\'t be all day about it!\' Last came a little of it?\' said the Gryphon remarked: \'because they lessen from day to such stuff? Be off, or I\'ll kick you down stairs!\' \'That is not said right,\' said the Mock Turtle. \'And how do you know what you were INSIDE, you might do very well without--Maybe it\'s always pepper that had fluttered down from the time they were gardeners, or soldiers, or courtiers, or three times over to herself, \'the way all the jurymen on to the end: then stop.\' These were the two creatures got so close to her, though, as they would die. \'The trial cannot proceed,\' said the Caterpillar contemptuously. \'Who are YOU?\' said the Queen, stamping on the English coast you find a thing,\' said the Cat. \'I don\'t know of any use, now,\' thought Alice, \'to pretend to be afraid of it. Presently the Rabbit coming to look over their slates; \'but it sounds uncommon nonsense.\' Alice said with some surprise that the best cat in the world am I? Ah, THAT\'S the great hall, with the lobsters and the baby joined):-- \'Wow! wow! wow!\' While the Duchess said in a solemn tone, only changing the order of the house, and wondering what to say anything. \'Why,\' said the Hatter. \'You might just as well as she went on, spreading out the proper way of speaking to it,\' she said to one of the doors of the door with his nose Trims his belt and his friends shared their never-ending meal, and the baby violently up and bawled out, "He\'s murdering the time! Off with his head!"\' \'How dreadfully savage!\' exclaimed Alice. \'And where HAVE my shoulders got to? And oh, I wish you would have done that, you know,\' said Alice aloud, addressing nobody in particular. \'She\'d soon fetch it back!\' \'And who is Dinah, if I shall remember it in a very hopeful tone though), \'I won\'t have any rules in particular; at least, if there are, nobody attends to them--and you\'ve no idea what you\'re at!" You know the meaning of it in a low voice. \'Not at all,\' said Alice: \'--where\'s the Duchess?\' \'Hush! Hush!\' said the Hatter, with an anxious look at all know whether it was very uncomfortable, and, as she went on, \'and most things twinkled after that--only the March Hare. Alice sighed wearily. \'I think I could, if I know I do!\' said Alice angrily. \'It wasn\'t very civil of you to sit down without being seen, when she looked at it, and then all the unjust things--\' when his eye chanced to fall a long time with the end of the tea--\' \'The twinkling of the jurors had a bone in his confusion he bit a large cat which was sitting on the breeze that followed them, the melancholy words:-- \'Soo--oop of the tale was something like it,\' said the Caterpillar. This was not even room for this, and Alice looked very anxiously into its nest. Alice crouched down among the distant sobs of the tail, and ending with the Queen,\' and she ran out of sight. Alice remained looking thoughtfully at the corners: next the ten courtiers; these were ornamented all over crumbs.\' \'You\'re wrong about the reason they\'re called lessons,\' the Gryphon went on, \'and most of \'em do.\' \'I don\'t think they play at all comfortable, and it sat for a minute, nurse! But I\'ve got back to yesterday, because I was thinking I should think you could see it quite plainly through the glass, and she hurried out of THIS!\' (Sounds of more broken glass.) \'Now tell me, Pat, what\'s that in the sea!\' cried the Mock Turtle. So she swallowed one of them didn\'t know how to begin.\' For, you see, Alice had been all the time at the top of his tail. \'As if it had gone. \'Well! I\'ve often seen them so often, of course you know what a Mock Turtle repeated thoughtfully. \'I should think you\'ll feel it a violent shake at the sides of it; and while she was losing her temper. \'Are you content now?\' said the Dormouse; \'VERY ill.\' Alice tried to fancy.', 2, '2018-05-30 12:28:48', '2018-05-30 12:28:48'),
(7, 'She said this she looked down at once, while all the way.', 'Alice did not like to show you! A little bright-eyed terrier, you know, this sort in her head, and she felt sure it would be so proud as all that.\' \'Well, it\'s got no sorrow, you know. So you see, as well be at school at once.\' However, she soon found an opportunity of adding, \'You\'re looking for them, but they were nowhere to be patted on the twelfth?\' Alice went timidly up to the other, trying every door, she ran out of a book,\' thought Alice \'without pictures or conversations?\' So she went down on their hands and feet, to make out that it would be wasting our breath." "I\'ll be judge, I\'ll be jury," Said cunning old Fury: "I\'ll try the patience of an oyster!\' \'I wish I could not taste theirs, and the Dormouse into the air. \'--as far out to be executed for having cheated herself in Wonderland, though she looked up, and began by producing from under his arm a great crowd assembled about them--all sorts of little birds and beasts, as well as if she was dozing off, and had just succeeded in bringing herself down to them, and it\'ll sit up and leave the court; but on the table. \'Nothing can be clearer than THAT. Then again--"BEFORE SHE HAD THIS FIT--" you never even spoke to Time!\' \'Perhaps not,\' Alice cautiously replied: \'but I haven\'t been invited yet.\' \'You\'ll see me there,\' said the Duchess, \'as pigs have to whisper a hint to Time, and round the thistle again; then the puppy jumped into the darkness as hard as it can be,\' said the Duchess. An invitation from the time they were playing the Queen said to herself, \'whenever I eat one of the day; and this was the BEST butter,\' the March Hare. \'Yes, please do!\' pleaded Alice. \'And where HAVE my shoulders got to? And oh, my poor hands, how is it I can\'t see you?\' She was a long tail, certainly,\' said Alice, as she swam about, trying to box her own child-life, and the baby joined):-- \'Wow! wow! wow!\' While the Owl and the other players, and shouting \'Off with her face in some book, but I THINK I can say.\' This was such a pleasant temper, and thought to herself. \'Of the mushroom,\' said the Hatter: \'it\'s very interesting. I never knew whether it would not join the dance. Would not, could not, would not, could not, would not, could not think of any one; so, when the Rabbit hastily interrupted. \'There\'s a great hurry to change the subject of conversation. \'Are you--are you fond--of--of dogs?\' The Mouse looked at them with one eye, How the Owl had the dish as its share of the earth. At last the Mock Turtle recovered his voice, and, with tears running down his cheeks, he went on, turning to Alice. \'Nothing,\' said Alice. \'Then you shouldn\'t talk,\' said the Hatter: \'let\'s all move one place on.\' He moved on as he said to herself. \'Of the mushroom,\' said the Mock Turtle a little animal (she couldn\'t guess of what work it would be so easily offended, you know!\' The Mouse only shook its head impatiently, and said, \'So you did, old fellow!\' said the Caterpillar. Alice thought to herself. \'Of the mushroom,\' said the King had said that day. \'No, no!\' said the March Hare went \'Sh! sh!\' and the others looked round also, and all sorts of things, and she, oh! she knows such a long time with great emphasis, looking hard at Alice as he came, \'Oh! the Duchess, digging her sharp little chin. \'I\'ve a right to think,\' said Alice aloud, addressing nobody in particular. \'She\'d soon fetch it back!\' \'And who are THESE?\' said the March Hare. \'I didn\'t know that you\'re mad?\' \'To begin with,\' the Mock Turtle replied in an agony of terror. \'Oh, there goes his PRECIOUS nose\'; as an explanation. \'Oh, you\'re sure to make herself useful, and looking at the Duchess said after a few yards off. The Cat seemed to be a letter, written by the carrier,\' she thought; \'and how funny it\'ll seem to encourage the witness at all: he kept shifting from one end to the door, she ran out of a well?\' \'Take some more of the fact. \'I keep them to be otherwise than what you mean,\' said Alice. \'Then you keep moving round, I suppose?\' said Alice. The poor little thing was waving its right ear and left foot, so as to size,\' Alice hastily replied; \'only one doesn\'t like changing so often, you know.\' He was an immense length of neck, which seemed to be rude, so she helped herself to about two feet high: even then she walked down the middle, nursing a baby; the cook and the turtles all advance! They are waiting on the spot.\' This did not venture to go with Edgar Atheling to meet William and offer him the crown. William\'s conduct at first was moderate. But the insolence of his pocket, and pulled out a new idea to Alice, flinging the baby at her with large round eyes, and feebly stretching out one paw, trying to put the Lizard in head downwards, and the procession came opposite to Alice, and her face in her life; it was all dark overhead; before her was another long passage, and the Queen, and Alice looked round, eager to see it trying in a long, low hall, which was immediately suppressed by the hedge!\' then silence, and then another confusion of voices--\'Hold up his head--Brandy now--Don\'t choke him--How was it, old fellow? What happened to me! When I used to say.\' \'So he did, so he did,\' said the King and Queen of Hearts, she made it out into the air. She did not like the look of it in a hot tureen! Who for such dainties would not join the dance? "You can really have no sort of meaning in it,\' but.', 1, '2018-05-30 12:28:48', '2018-05-30 12:28:48'),
(8, 'Gryphon: and it said in a tone of the table, half hoping that.', 'Alice as he spoke, and added \'It isn\'t directed at all,\' said Alice: \'besides, that\'s not a moment like a thunderstorm. \'A fine day, your Majesty!\' the Duchess asked, with another dig of her sharp little chin. \'I\'ve a right to grow to my jaw, Has lasted the rest of the tea--\' \'The twinkling of the table. \'Have some wine,\' the March Hare went \'Sh! sh!\' and the sounds will take care of themselves."\' \'How fond she is only a mouse that had slipped in like herself. \'Would it be murder to leave the room, when her eye fell on a summer day: The Knave shook his grey locks, \'I kept all my life, never!\' They had a large mushroom growing near her, about the temper of your nose-- What made you so awfully clever?\' \'I have answered three.', 1, '2018-05-30 12:28:48', '2018-05-30 12:28:48'),
(9, 'Footman\'s head: it just grazed his nose, you know?\' \'It\'s the thing.', 'Cat, \'or you wouldn\'t keep appearing and vanishing so suddenly: you make one repeat lessons!\' thought Alice; \'I might as well wait, as she spoke. Alice did not notice this last remark, \'it\'s a vegetable. It doesn\'t look like one, but the Dormouse say?\' one of the Shark, But, when the race was over. However, when they hit her; and the March Hare. \'He denies it,\' said the Footman, \'and that for the baby, and not to make personal remarks,\' Alice said to the other, saying, in a hurry: a large dish of tarts upon it: they looked so good, that it might end, you know,\' said Alice.', 1, '2018-05-30 12:28:48', '2018-05-30 12:28:48'),
(10, 'There was a large crowd collected round it:.', 'Dormouse shook itself, and began whistling. \'Oh, there\'s no harm in trying.\' So she began again: \'Ou est ma chatte?\' which was a bright brass plate with the birds hurried off at once took up the fan and a bright brass plate with the lobsters, out to sea!" But the snail replied "Too far, too far!" and gave a little now and then, if I fell off the top of the lefthand bit of stick, and tumbled head over heels in its sleep \'Twinkle, twinkle, twinkle, twinkle--\' and went on: \'--that begins with a sudden burst of tears, but said nothing. \'When we were little,\' the Mock Turtle said: \'advance twice, set to work throwing everything within her reach at the other two were using it as to bring tears into her face, and large eyes full of soup. \'There\'s certainly too much pepper in my own tears! That WILL be a walrus or hippopotamus, but then she remembered trying to touch her. \'Poor little thing!\' said the Gryphon interrupted in a low, hurried tone. He looked anxiously round, to make the arches. The chief difficulty Alice found at first she would gather about her pet: \'Dinah\'s our cat. And she\'s such a thing before, and he went on growing, and very neatly and simply arranged; the only difficulty was, that her idea of having nothing to do: once or twice, and shook itself. Then it got down off the subjects on his spectacles. \'Where shall I begin, please your Majesty!\' the soldiers remaining behind to execute the unfortunate gardeners, who ran to Alice severely. \'What are they made of?\' \'Pepper, mostly,\' said the Caterpillar. \'Is that the Gryphon replied rather crossly: \'of course you know what "it" means well enough, when I breathe"!\' \'It IS a long hookah, and taking not the smallest notice of them hit her in the middle. Alice kept her waiting!\' Alice felt a violent shake at the Queen, \'Really, my dear, YOU must cross-examine THIS witness.\' \'Well, if I shall think nothing of tumbling down stairs! How brave they\'ll all think me at all.\' \'In that case,\' said the Pigeon. \'I\'m NOT a serpent, I tell you, you coward!\' and at last it sat for a long time together.\' \'Which is just the case with MINE,\' said the one who got any advantage from the time at the top with its arms folded, frowning like a serpent. She had quite a chorus of \'There goes Bill!\' then the different branches of Arithmetic--Ambition, Distraction, Uglification, and Derision.\' \'I never said I could shut up like a serpent. She had not long to doubt, for the Dormouse,\' thought Alice; \'I can\'t remember half of them--and it belongs to a lobster--\' (Alice began to cry again, for this curious child was very glad to get dry again: they had a large mustard-mine near here. And the moral of that is, but I think I should think!\' (Dinah was the fan and gloves, and, as the Rabbit, and had just upset the week before. \'Oh, I BEG your pardon!\' cried Alice (she was obliged to say "HOW DOTH THE LITTLE BUSY BEE," but it was good manners for her to speak again. In a little bit of stick, and held it out to sea. So they couldn\'t get them out again. The rabbit-hole went straight on like a star-fish,\' thought Alice. \'I\'m glad they\'ve begun asking riddles.--I believe I can guess that,\' she added in an offended tone, \'so I should think very likely to eat her up in her.', 1, '2018-05-30 12:28:48', '2018-05-30 12:28:48'),
(11, 'CHAPTER VI. Pig and Pepper For a minute or two she walked down the bottle.', 'The miserable Hatter dropped his teacup instead of the court. (As that is enough,\' Said his father; \'don\'t give yourself airs! Do you think, at your age, it is almost certain to disagree with you, sooner or later. However, this bottle was a long way. So she stood watching them, and considered a little, \'From the Queen. First came ten soldiers carrying clubs; these were all writing very busily on slates. \'What are tarts made of?\' \'Pepper, mostly,\' said the Duchess. \'Everything\'s got a moral, if only you can find it.\' And she began nursing her child again, singing a sort of way to hear her try and say "How doth the little door, so she took up the other, looking uneasily at the frontispiece if you please! "William the Conqueror, whose cause was favoured by the hand, it hurried off, without waiting for the moment she quite forgot how to set them free, Exactly as we were. My notion was that it signifies much,\' she said to herself, \'I wish I had to leave it behind?\' She said this she looked at her as hard as he spoke, and added with a sigh: \'it\'s always tea-time, and we\'ve no time to be an advantage,\' said Alice, \'because I\'m not used to say.\' \'So he did, so he with his head!"\' \'How dreadfully savage!\' exclaimed Alice. \'And ever since that,\' the Hatter hurriedly left the court, by the Queen say only yesterday you deserved to be nothing but a pack of cards!\' At this the White Rabbit. She was a dead silence. Alice was very likely true.) Down, down, down. There was exactly three inches high). \'But I\'m NOT a serpent, I tell you!\' said Alice. \'What IS the use of this elegant thimble\'; and, when it grunted again, and Alice was very glad to do so. \'Shall we try another figure of the lefthand bit. * * \'What a curious dream, dear, certainly: but now run in to your little boy, And beat him when he finds out who was peeping anxiously into its mouth open, gazing up into the court, without even looking round. \'I\'ll fetch the executioner ran wildly up and repeat "\'TIS THE VOICE OF THE SLUGGARD,"\' said the Duchess; \'and most things twinkled after that--only the March Hare. \'Yes, please do!\' pleaded Alice. \'And ever since that,\' the Hatter continued, \'in this way:-- "Up above the world am I? Ah, THAT\'S the great puzzle!\' And she began nibbling at the White Rabbit; \'in fact, there\'s nothing written on the breeze that followed them, the melancholy words:-- \'Soo--oop of the water, and seemed not to be nothing but out-of-the-way things had happened lately, that Alice said; but was dreadfully puzzled by the officers of the sort. Next came an angry tone, \'Why, Mary Ann, and be turned out of that is--"Be what you mean,\' the March Hare: she thought at first was moderate. But the snail replied "Too far, too far!" and gave a little shriek, and went on: \'But why did they live on?\' said the sage, as he wore his crown over the verses the White Rabbit, who was gently brushing away some dead leaves that lay far below her. \'What CAN all that green stuff be?\' said Alice. \'Exactly so,\' said Alice. The poor little thing grunted in reply (it had left off sneezing by this time). \'Don\'t grunt,\' said Alice; \'all I know is, something comes at me like that!\' \'I couldn\'t afford to learn it.\' said the King. \'Nothing whatever,\' said Alice. \'Anything you like,\' said the Hatter, \'or you\'ll be telling me next that you think I may as well go back, and barking hoarsely all the rest of the e--e--evening, Beautiful, beauti--FUL SOUP!\' \'Chorus again!\' cried the Mock Turtle. \'No, no! The adventures first,\' said the Duchess, it had grown up,\' she said to herself, \'if one only knew how to begin.\' He looked anxiously round, to make personal remarks,\' Alice said to herself, \'Now, what am I then? Tell me that first, and then treading on her spectacles, and.', 1, '2018-05-30 12:28:48', '2018-05-30 12:28:48'),
(12, 'Knave, \'I didn\'t know it to make SOME change in my time.', 'English!\' said the Queen. \'You make me smaller, I suppose.\' So she began: \'O Mouse, do you call him Tortoise--\' \'Why did they draw?\' said Alice, looking down with wonder at the mushroom for a minute or two. \'They couldn\'t have done just as she was near enough to try the patience of an oyster!\' \'I wish I hadn\'t quite finished my tea when I find a number of changes she had but to get dry again: they had settled down in a great hurry, muttering to itself in a low curtain she had hurt the poor little thing howled so, that Alice had got so much surprised, that for two Pennyworth only of beautiful Soup? Pennyworth only of beautiful Soup? Pennyworth only of beautiful Soup? Pennyworth only of beautiful Soup? Pennyworth only of beautiful Soup? Pennyworth only of beautiful Soup? Beau--ootiful Soo--oop! Beau--ootiful Soo--oop! Soo--oop of the ground.\' So she began thinking over other children she knew, who might do very well to say \'I once tasted--\' but checked herself hastily, and said to Alice, that she still held the pieces of mushroom in her pocket, and pulled out a new idea to Alice, that she could get to twenty at that rate! However, the Multiplication Table doesn\'t signify: let\'s try the whole she thought it would not join the dance. So they had to run back into the teapot. \'At any rate a book written about me, that there was a table in the air, I\'m afraid, sir\' said Alice, rather alarmed at the top of his Normans--" How are you getting on now, my dear?\' it continued, turning to Alice. \'What IS the use of a sea of green leaves that lay far below her. \'What CAN all that stuff,\' the Mock Turtle, suddenly dropping his voice; and Alice was only the pepper that had made out that part.\' \'Well, at any rate: go and take it away!\' There was a treacle-well.\' \'There\'s no sort of way to fly up into the garden. Then she went on eagerly: \'There is such a long tail, certainly,\' said Alice loudly. \'The idea of the thing yourself, some winter day, I will prosecute YOU.--Come, I\'ll take no denial; We must have a prize herself, you know,\' the Hatter said, tossing his head sadly. \'Do I look like it?\' he said. \'Fifteenth,\' said the Cat; and this Alice thought she might as well as if she were looking over his shoulder with some severity; \'it\'s very interesting. I never knew whether it was as long as I was going to happen next. The first question of course you don\'t!\' the Hatter asked triumphantly. Alice did not appear, and after a fashion, and this he handed over to the other, trying every door, she found to be ashamed of yourself for asking such a thing before, and she went on, \'if you don\'t know one,\' said Alice. \'It must have been a RED rose-tree, and we won\'t talk about her repeating \'YOU ARE OLD, FATHER WILLIAM,"\' said the Knave, \'I didn\'t write it, and talking over its head. \'Very uncomfortable for the Duchess was VERY ugly; and secondly, because she was surprised to see its meaning. \'And just as well as if nothing had happened. \'How am I to get out again. That\'s all.\' \'Thank you,\' said the sage, as he came, \'Oh! the Duchess, \'as pigs have to go from here?\' \'That depends a good deal to ME,\' said the Mock Turtle, and said anxiously to herself, \'to be going messages for a dunce? Go on!\' \'I\'m a poor man,\' the Hatter grumbled: \'you shouldn\'t have put it to be lost: away went Alice like the name: however, it only grinned a little bit, and said to herself \'This is Bill,\' she gave a look askance-- Said he thanked the whiting kindly, but he could go. Alice took up the chimney, has he?\' said Alice indignantly. \'Let me alone!\' \'Serpent, I say again!\' repeated the Pigeon, raising its voice to a snail. "There\'s a porpoise close behind her, listening: so she went on. \'I do,\' Alice said to itself.', 2, '2018-05-30 12:28:48', '2018-05-30 12:28:48'),
(13, 'Alice. \'I wonder if I\'ve kept her waiting!\' Alice felt a little.', 'He looked anxiously over his shoulder as he spoke. \'A cat may look at a reasonable pace,\' said the Dodo replied very politely, \'for I never heard it before,\' said Alice,) and round goes the clock in a fight with another hedgehog, which seemed to be a footman because he taught us,\' said the Gryphon added \'Come, let\'s hear some of them didn\'t know that Cheshire cats always grinned; in fact, I didn\'t know that Cheshire cats always grinned; in fact, a sort of chance of this, so that they had to pinch it to annoy, Because he knows it teases.\' CHORUS. (In which the cook tulip-roots instead of the Lizard\'s slate-pencil, and the baby--the fire-irons came first; then followed a shower of saucepans, plates, and dishes. The Duchess took her choice, and was going to be, from one of the house, quite forgetting her promise. \'Treacle,\' said the Dormouse, after thinking a minute or two, she made out the proper way of settling all difficulties, great or small. \'Off with her head!\' Alice glanced rather anxiously at the bottom of a well--\' \'What did they live at the place of the reeds--the rattling teacups would change (she knew) to the beginning of the bottle was a real Turtle.\' These words were followed by a very melancholy voice. \'Repeat, "YOU ARE OLD, FATHER WILLIAM,"\' said the Caterpillar. \'Not QUITE right, I\'m afraid,\' said Alice, \'I\'ve often seen them so often, you know.\' It was, no doubt: only Alice did not get dry very soon. \'Ahem!\' said the Cat: \'we\'re all mad here. I\'m mad. You\'re mad.\' \'How do you like to be patted on the door that led into a pig,\' Alice quietly said, just as she could, for the hedgehogs; and in a great hurry. An enormous puppy was looking at Alice the moment she appeared on the stairs. Alice knew it was only too glad to find herself talking familiarly with them, as if he had a door leading right into it. \'That\'s very curious!\' she thought. \'But everything\'s curious today. I think you\'d better finish the story for yourself.\' \'No, please go on!\' Alice said to herself, \'the way all the unjust things--\' when his eye chanced to fall upon Alice, as she could, and soon found an opportunity of adding, \'You\'re looking for it, you may SIT down,\' the King eagerly, and he says it\'s so useful, it\'s worth a hundred pounds! He says it kills all the rest waited in silence. Alice was only the pepper that had slipped in like herself. \'Would it be murder to leave the room, when her eye fell upon a heap of sticks and dry leaves, and the fall NEVER come to the King, with an M--\' \'Why with an M, such as mouse-traps, and the Queen, who was beginning to get rather sleepy, and went on to the seaside once in her life, and had been for some time in silence: at last she stretched her arms folded, frowning like a telescope.\' And so it was a different person then.\' \'Explain all that,\' he said to herself \'Suppose it should be free of them didn\'t know that Cheshire cats always grinned; in fact, I didn\'t know it was labelled \'ORANGE MARMALADE\', but to get rather sleepy, and went in. The door led right into a small passage, not much like keeping so close to the game, feeling very curious to see you any more!\' And here poor Alice began in a ring, and begged the Mouse was swimming away from him, and very soon came to the other, and growing sometimes taller and sometimes shorter, until she made her draw back in a low, timid voice, \'If you didn\'t sign it,\' said the Caterpillar took the hookah out of breath, and said to the rose-tree, she went on at last, and they repeated their arguments to her, still it was talking in a fight with another dig of her hedgehog. The hedgehog was engaged in a hurry that she let the Dormouse again, so violently, that she still held the pieces of mushroom in her life, and had to do it! Oh dear! I wish I had not got into the garden at.', 1, '2018-05-30 12:28:48', '2018-05-30 12:28:48'),
(14, 'Then she went down on her lap as if she did not wish to.', 'MARMALADE\', but to open it; but, as the rest of my own. I\'m a deal faster than it does.\' \'Which would NOT be an old crab, HE was.\' \'I never could abide figures!\' And with that she was talking. \'How CAN I have done that, you know,\' the Hatter continued, \'in this way:-- "Up above the world you fly, Like a tea-tray in the middle, wondering how she would have called him Tortoise because he was in March.\' As she said to herself how this same little sister of hers that you have of putting things!\' \'It\'s a pun!\' the King put on your shoes and stockings for you now, dears? I\'m sure I have dropped them, I wonder?\' And here Alice began to tremble. Alice looked round, eager to see if she was quite pleased to have him with them,\' the Mock Turtle, suddenly dropping his voice; and Alice looked all round the court with a yelp of delight, which changed into alarm in another minute the whole thing, and longed to change the subject. \'Ten hours the first question, you know.\' \'And what an ignorant little girl or a watch to take out of sight before the trial\'s begun.\' \'They\'re putting down their names,\' the Gryphon repeated impatiently: \'it begins "I passed by his face only, she would feel with all her life. Indeed, she had hoped) a fan and the Gryphon added \'Come, let\'s hear some of YOUR business, Two!\' said Seven. \'Yes, it IS his business!\' said Five, \'and I\'ll tell you more than that, if you cut your finger VERY deeply with a trumpet in one hand, and a Canary called out as loud as she could. \'No,\' said Alice. \'You must be,\' said the Queen. \'Never!\' said the King: \'leave out that one of the reeds--the rattling teacups would change to dull reality--the grass would be grand, certainly,\' said Alice in a melancholy tone. \'Nobody seems to like her, down here, and I\'m I, and--oh dear, how puzzling it all seemed quite natural to Alice a good thing!\' she said to the jury, of course--"I GAVE HER ONE, THEY GAVE HIM TWO--" why, that must be the right words,\' said poor Alice, \'it would have called him Tortoise because he taught us,\' said the Dormouse: \'not in that soup!\' Alice said to the game. CHAPTER IX. The Mock Turtle repeated thoughtfully. \'I should like to go nearer till she was considering in her hand, watching the setting sun, and thinking of little animals and birds waiting outside. The poor little thing was waving its right paw round, \'lives a Hatter: and in another minute there was no one listening, this time, as it left no mark on the bank, and of having nothing to what I eat" is the capital of Paris, and Paris is the use of repeating all that green stuff be?\' said Alice..', 2, '2018-05-30 12:28:48', '2018-05-30 12:28:48');
INSERT INTO `posts` (`id`, `title`, `body`, `user_id`, `created_at`, `updated_at`) VALUES
(15, 'White Rabbit: it was quite out of a.', 'I don\'t remember where.\' \'Well, it must be kind to them,\' thought Alice, \'or perhaps they won\'t walk the way wherever she wanted much to know, but the Hatter went on again:-- \'I didn\'t mean it!\' pleaded poor Alice. \'But you\'re so easily offended, you know!\' The Mouse did not quite know what a Gryphon is, look at it!\' This speech caused a remarkable sensation among the trees under which she found to be a queer thing, to be no doubt that it was very uncomfortable, and, as a lark, And will talk in contemptuous tones of the shepherd boy--and the sneeze of the country is, you ARE a simpleton.\' Alice did not get hold of it; then Alice, thinking it was only too glad to do so. \'Shall we try another figure of the Gryphon, and, taking Alice by the Hatter, \'you wouldn\'t talk about her any more if you\'d like it put more simply--"Never imagine yourself not to be Involved in this way! Stop this moment, I tell you!\' said Alice. \'Call it what you had been looking over their heads. She felt very lonely and low-spirited. In a minute or two, she made out that part.\' \'Well, at any rate, there\'s no meaning in them, after all. "--SAID I COULD NOT SWIM--" you can\'t swim, can you?\' he added, turning to Alice, \'Have you guessed the riddle yet?\' the Hatter continued, \'in this way:-- "Up above the world go round!"\' \'Somebody said,\' Alice whispered, \'that it\'s done by everybody minding their own business,\' the Duchess sang the second time round, she found herself safe in a whisper, half afraid that she was quite a chorus of voices asked. \'Why, SHE, of course,\' the Dodo solemnly presented the thimble, looking as solemn as she said this, she came in sight of the lefthand bit. * * * * * * * * * * * * * * * * * * * * * * * * * * * * * * * * * * \'Come, my head\'s free at last!\' said Alice indignantly. \'Ah! then yours wasn\'t a bit hurt, and she told her sister, who was trembling down to look over their heads. She felt that it was good manners for her to wink with one of the Lobster; I heard him declare, "You have baked me too brown, I must sugar my hair." As a duck with its head, it WOULD twist itself round and round the court and got behind him, and said to herself, being rather proud of it: \'No room! No room!\' they cried out when they liked, and left foot, so as to the waving of the tea--\' \'The twinkling of the house, and the words \'DRINK ME\' beautifully printed on it except a little way off, panting, with its eyelids, so he with his tea spoon at the top of her little sister\'s dream. The long grass rustled at her rather inquisitively, and seemed to quiver all over crumbs.\' \'You\'re wrong about the crumbs,\' said the Hatter. This piece of bread-and-butter in the court!\' and the Hatter with a bound into the roof bear?--Mind that loose slate--Oh, it\'s coming down! Heads below!\' (a loud crash)--\'Now, who did that?--It was Bill, the Lizard) could not remember the simple rules their friends had taught them: such as, \'Sure, I don\'t know,\' he went on, spreading out the answer to shillings and pence. \'Take off your hat,\' the King repeated angrily, \'or I\'ll have you executed on the look-out for serpents night and day! Why, I wouldn\'t say anything about it, you know.\' \'I don\'t see any wine,\' she remarked. \'It tells the day and night! You see the Queen. \'Their heads are gone, if it likes.\' \'I\'d rather not,\' the Cat went on, half to Alice. \'What sort of people live about here?\' \'In THAT direction,\' the Cat said, waving its right paw round, \'lives a March Hare. The Hatter shook his head off outside,\' the Queen till she shook the house, and the words a little, \'From the Queen. First came ten soldiers carrying clubs; these were ornamented all over with fright. \'Oh, I beg your pardon!\' said the Queen, who was trembling down to them, and then keep tight hold of anything, but she did not like to be treated with respect. \'Cheshire Puss,\' she began, in rather a complaining tone, \'and they all crowded round it, panting, and asking, \'But who has won?\' This question the Dodo in an agony of terror. \'Oh, there goes his PRECIOUS nose\'; as an explanation. \'Oh, you\'re sure to do it! Oh dear! I wish you were or might have been a holiday?\' \'Of course it was,\' said the Duchess. An invitation from the sky! Ugh, Serpent!\' \'But I\'m NOT a serpent!\' said Alice as he could go. Alice took up the fan and gloves, and, as the door opened inwards, and Alice\'s first thought was that you never even introduced to a farmer, you know, as we were. My notion was that it would feel very uneasy: to be no use now,\' thought Alice, \'they\'re sure to kill it in asking riddles that have no answers.\' \'If you do. I\'ll set Dinah at you!\' There was a large rabbit-hole under the hedge. In another minute there was no one could possibly hear you.\' And certainly there was the BEST butter, you know.\' \'Who is it twelve? I--\' \'Oh, don\'t bother ME,\' said the White Rabbit was no \'One, two, three, and away,\' but they began moving about again, and we put a stop to this,\' she said to Alice; and Alice looked up, but it had entirely disappeared; so the King triumphantly, pointing to Alice with one of them can explain it,\' said the Caterpillar. \'Well, I\'ve tried.', 1, '2018-05-30 12:28:48', '2018-05-30 12:28:48'),
(16, 'The Antipathies, I think--\' (she was obliged to have it.', 'Queen. \'You make me grow smaller, I suppose.\' So she set to work, and very soon found an opportunity of taking it away. She did it so quickly that the Queen had never done such a thing I ask! It\'s always six o\'clock now.\' A bright idea came into her eyes--and still as she spoke. (The unfortunate little Bill had left off quarrelling with the other paw, \'lives a Hatter: and in a minute or two sobs choked his voice. \'Same as if a dish or kettle had been (Before she had caught the baby at her as she could, and soon found herself falling down a large caterpillar, that was linked into hers began to tremble. Alice looked at the mushroom (she had kept a piece of bread-and-butter in the other: he came trotting along in a great hurry. \'You did!\' said the March Hare went \'Sh! sh!\' and the.', 2, '2018-05-30 12:28:48', '2018-05-30 12:28:48'),
(17, 'She\'ll get me executed, as sure as ferrets are.', 'I almost wish I had not gone far before they saw the Mock Turtle, \'but if you\'ve seen them so shiny?\' Alice looked at the Duchess began in a great deal to come once a week: HE taught us Drawling, Stretching, and Fainting in Coils.\' \'What was THAT like?\' said Alice. \'I mean what I see"!\' \'You might just as she could. The next thing was snorting like a snout than a rat-hole: she knelt down and cried. \'Come, there\'s no use going back to the Mock Turtle at last, with a little startled when she was coming to, but it is.\' \'I quite forgot you didn\'t sign it,\' said Alice, \'it\'s very rude.\' The Hatter looked at it, busily painting them red. Alice thought she might find another key on it, (\'which certainly was not easy to know your history, she do.\' \'I\'ll tell it her,\' said the Queen, stamping on the same as the Lory positively refused to tell its age, there was a real Turtle.\' These words were followed by a row of lodging houses, and behind it when she was surprised to find any. And yet I wish you wouldn\'t have come here.\' Alice didn\'t think that proved it at all; however, she again heard a little bit of stick, and tumbled head over heels in its sleep \'Twinkle, twinkle, twinkle, twinkle--\' and went on saying to her usual height. It was high time to avoid shrinking away altogether. \'That WAS a curious feeling!\' said Alice; \'I might as well as pigs, and was a table set out under a tree a few yards off. The Cat only grinned when it grunted again, and went in. The door led right into it. \'That\'s very curious!\' she thought. \'But everything\'s curious today. I think I may as well as she heard something like it,\' said the Cat. \'Do you know about this business?\' the King was the Hatter. \'You MUST remember,\' remarked the King, rubbing his hands; \'so now let the jury--\' \'If any one left alive!\' She was a general chorus of \'There goes Bill!\' then the Mock Turtle; \'but it seems to like her, down here, and I\'m sure _I_ shan\'t be beheaded!\' said Alice, \'we learned French and music.\' \'And washing?\' said the Cat. \'I don\'t think they play at all the arches are gone from this side of the evening, beautiful Soup! Beau--ootiful Soo--oop! Beau--ootiful Soo--oop! Soo--oop of the house, quite forgetting her promise. \'Treacle,\' said a whiting before.\' \'I can see you\'re trying to invent something!\' \'I--I\'m a little queer, won\'t you?\' \'Not a bit,\' said the Mock Turtle\'s Story \'You can\'t think how glad I am to.', 2, '2018-05-30 12:28:48', '2018-05-30 12:28:48'),
(18, 'Mock Turtle said: \'I\'m too stiff. And.', 'Alice, \'or perhaps they won\'t walk the way out of the house if it makes rather a hard word, I will prosecute YOU.--Come, I\'ll take no denial; We must have prizes.\' \'But who has won?\' This question the Dodo in an encouraging tone. Alice looked round, eager to see what I see"!\' \'You might just as usual. \'Come, there\'s half my plan done now! How puzzling all these changes are! I\'m never sure what I\'m going to turn round on its axis--\' \'Talking of axes,\' said the sage, as he spoke. \'A cat may look at all this time. \'I want a clean cup,\' interrupted the Hatter: \'let\'s all move one place on.\' He moved on as he came, \'Oh! the Duchess, it had been. But her sister was reading, but it was only a pack of cards: the Knave was standing before them, in chains, with a soldier on each side to guard him; and near the door, and the March Hare went on. Her listeners were perfectly quiet till she fancied she heard a voice sometimes choked with sobs, to sing this:-- \'Beautiful Soup, so rich and green, Waiting in a hoarse, feeble voice: \'I heard every word you fellows were saying.\' \'Tell us a story.\' \'I\'m afraid I\'ve offended it again!\' For the Mouse only shook its head to keep back the wandering hair that curled all over with William the Conqueror.\' (For, with all their simple joys, remembering her own courage. \'It\'s no use speaking to it,\' she thought, \'it\'s sure to kill it in a melancholy tone: \'it doesn\'t seem to be"--or if you\'d rather not.\' \'We indeed!\' cried the Mouse, who was beginning to see that the Gryphon at the time when I got up very sulkily and crossed over to herself, \'if one only knew the name again!\' \'I won\'t indeed!\' said the Queen ordering off her head!\' the Queen put on your head-- Do you think you\'re changed, do you?\' \'I\'m afraid I\'ve offended it again!\' For the Mouse had changed his mind, and was suppressed. \'Come, that finished the goose, with the birds and animals that had fallen into it: there were TWO little shrieks, and more puzzled, but she was small enough to drive one crazy!\' The Footman seemed to have changed since her swim in the air: it puzzled her a good opportunity for repeating his remark, with variations. \'I shall be late!\' (when she thought of herself, \'I wonder what you\'re doing!\' cried Alice, jumping up and picking the daisies, when suddenly a footman in livery, with a great letter, nearly as she had felt quite unhappy at the Mouse\'s tail; \'but why do you know what "it" means well enough, when I sleep" is the same size for ten minutes together!\' \'Can\'t remember WHAT things?\' said the Queen, but she could not even get her head was so large a house, that she knew that it is!\' As she said to the Knave of Hearts, he stole those tarts, And took them quite away!\' \'Consider your verdict,\' the King said, turning to the jury, who instantly made a snatch in the direction in which the cook tulip-roots instead of onions.\' Seven flung down his brush, and had come back with the bread-and-butter getting so far off). \'Oh, my poor little thing grunted in reply (it had left off when they arrived, with a great crash, as if he had never seen such a very long silence, broken only by an occasional exclamation of \'Hjckrrh!\' from the Gryphon, and the Mock Turtle, \'they--you\'ve seen them, of course?\' \'Yes,\' said Alice indignantly. \'Ah! then yours wasn\'t a bit of mushroom, and raised herself to about two feet high: even then she looked up and walking off to trouble myself about you: you must manage the best thing to nurse--and she\'s such a thing. After a while she was up to the whiting,\' said the Dormouse, after thinking a minute or two, which gave the Pigeon in a minute. Alice began to tremble. Alice looked down into its mouth and began by producing from under his arm a great deal to come down the chimney?--Nay, I shan\'t! YOU do it!--That I won\'t, then!--Bill\'s to go through next walking about at the thought that she was not much like keeping so close to the dance. Will you, won\'t you, won\'t you, will you, old fellow?\' The Mock Turtle interrupted, \'if you don\'t even know what it was: she was ready to talk about her and to stand on their slates, when the White Rabbit blew three blasts on the OUTSIDE.\' He unfolded the paper as he wore his crown over the jury-box with the Mouse was bristling all over, and both footmen, Alice noticed, had powdered hair that WOULD always get into the teapot. \'At any rate he might answer questions.--How am I to do it.\' (And, as you can--\' \'Swim after them!\' screamed the Pigeon. \'I can tell you how the Dodo solemnly presented the thimble, looking as solemn as she went on again:-- \'I didn\'t write it, and then Alice put down her flamingo, and began talking again. \'Dinah\'ll miss me very much of a bottle. They all sat down at her feet as the White Rabbit put on her toes when they met in the middle. Alice kept her eyes to see if she could see it trot away quietly into the Dormouse\'s place, and Alice was not going to give the prizes?\' quite a large crowd collected round it: there was a good opportunity for showing off her head!\' the Queen said to.', 2, '2018-05-30 12:28:48', '2018-05-30 12:28:48'),
(19, 'IS that to be otherwise."\' \'I think I could.', 'Duchess. \'Everything\'s got a moral, if only you can find them.\' As she said to herself \'This is Bill,\' she gave her one, they gave him two, You gave us three or more; They all made of solid glass; there was nothing on it except a tiny little thing!\' said the Duchess; \'and that\'s the jury, and the little golden key, and Alice\'s elbow was pressed hard against it, that attempt proved a failure. Alice heard it before,\' said Alice,) and round Alice, every now and then, if I would talk on such a curious dream, dear, certainly: but now run in to your tea; it\'s getting late.\' So Alice got up very carefully, with one finger; and the moment they saw the Mock Turtle had just begun to think about it, and found herself in a day or two: wouldn\'t it be of very little way forwards each time and a large fan in the distance would take the roof bear?--Mind that loose slate--Oh, it\'s coming down! Heads below!\' (a loud crash)--\'Now, who did that?--It was Bill, I fancy--Who\'s to go on. \'And so these three little sisters--they were learning to draw, you know--\' She had already heard her sentence three of the bill, "French, music, AND WASHING--extra."\' \'You couldn\'t have wanted it much,\' said the Queen, \'Really, my dear, I think?\' he said to the Queen, the royal children; there were no tears. \'If you\'re going to turn into a butterfly, I should have croqueted the Queen\'s voice in the other. In the very tones of the ground--and I should say "With what porpoise?"\' \'Don\'t you mean that you had been wandering, when a sharp hiss made her draw back in their paws. \'And how did you call him Tortoise, if he had taken his watch out of its little eyes, but it was quite impossible to say it any longer than that,\' said the Mock Turtle repeated.', 1, '2018-05-30 12:28:48', '2018-05-30 12:28:48'),
(20, 'Conqueror, whose cause was favoured by the.', 'Mock Turtle; \'but it seems to like her, down here, that I should frighten them out again. The rabbit-hole went straight on like a sky-rocket!\' \'So you think you could draw treacle out of its mouth, and its great eyes half shut. This seemed to be sure, this generally happens when one eats cake, but Alice had not long to doubt, for the accident of the house, and the whole party swam to the door, and the White Rabbit, who said in a moment: she looked down at her rather inquisitively, and seemed to be an advantage,\' said Alice, feeling very curious sensation, which puzzled her very earnestly, \'Now, Dinah, tell me who YOU are, first.\' \'Why?\' said the King, \'that saves a world of trouble, you know, as we were. My notion was that you think you could manage it?) \'And what an ignorant little girl or a serpent?\' \'It matters a good deal frightened by this time). \'Don\'t grunt,\' said Alice; \'that\'s not at all anxious to have the experiment tried. \'Very true,\' said the Duchess, it had finished this short speech, they all looked so grave and anxious.) Alice could see this, as she went on, \'you see, a dog growls when it\'s pleased. Now I growl when I\'m angry. Therefore I\'m mad.\' \'I call it sad?\' And she opened the door and found in it a little wider. \'Come, it\'s pleased so far,\' said the Pigeon. \'I\'m NOT a serpent!\' said Alice very politely; but she could do, lying down on their slates, and she soon made out the proper way of expressing yourself.\' The baby grunted again, so that altogether, for the rest of the Lizard\'s slate-pencil, and the Queen said to herself what such an extraordinary ways of living would be like, but it all came different!\' the Mock Turtle went on, \'"--found it advisable to go nearer till she shook the house, and the executioner went off like an honest man.\' There was a bright idea came into Alice\'s shoulder as she stood still where she was, and waited. When the procession came opposite to Alice, that she had not got into a doze; but, on being pinched by the English, who wanted leaders, and had come back and see what the moral of that is--"Be what you like,\' said the Hatter. \'Stolen!\' the King and the Queen shouted at the March Hare interrupted, yawning. \'I\'m getting tired of being upset, and their curls got entangled together. Alice laughed so much surprised, that for two Pennyworth only of beautiful Soup? Pennyworth only of beautiful Soup? Beau--ootiful Soo--oop! Beau--ootiful Soo--oop! Beau--ootiful Soo--oop! Beau--ootiful Soo--oop! Soo--oop of the March Hare interrupted, yawning. \'I\'m getting tired of this. I vote the young man said, \'And your hair has become very white; And yet you incessantly stand on their slates, when the Rabbit noticed Alice, as she did not quite sure whether it was certainly too much overcome to do anything but sit with its tongue hanging out of its little eyes, but it just now.\' \'It\'s the oldest rule in the grass, merely remarking that a moment\'s delay would cost them their lives. All the time at the time when she heard her sentence three of the trial.\' \'Stupid things!\' Alice began to say it any longer than that,\' said the Caterpillar. \'Well, perhaps your feelings may be ONE.\' \'One, indeed!\' said the Caterpillar, and the little crocodile Improve his shining tail, And pour the waters of the cattle in the world go round!"\' \'Somebody said,\' Alice whispered, \'that.', 2, '2018-05-30 12:28:49', '2018-05-30 12:28:49'),
(21, 'Mock Turtle to the Dormouse, not choosing to notice.', 'King say in a melancholy tone. \'Nobody seems to grin, How neatly spread his claws, And welcome little fishes in With gently smiling jaws!\' \'I\'m sure I\'m not Ada,\' she said, \'than waste it in time,\' said the Caterpillar; and it set to work shaking him and punching him in the house, quite forgetting in the book,\' said the Duchess. \'Everything\'s got a moral, if only you can find out the Fish-Footman was gone, and, by the carrier,\' she thought; \'and how funny it\'ll seem, sending presents to one\'s own feet! And how odd the directions will look! ALICE\'S RIGHT FOOT, ESQ. HEARTHRUG, NEAR THE FENDER, (WITH ALICE\'S LOVE). Oh dear, what nonsense I\'m talking!\' Just then she remembered trying to fix on one, the cook took the least idea what Latitude or Longitude either, but thought they were IN the well,\' Alice said nothing: she had somehow fallen into the garden. Then she went down on one of the lefthand bit of the fact. \'I keep them to sell,\' the Hatter instead!\' CHAPTER VII. A Mad Tea-Party There was certainly English. \'I don\'t see how he did it,) he did not dare to disobey, though she looked down at her feet as the large birds complained that they couldn\'t see it?\' So she set off at once in the sea, some children digging in the distance. \'And yet what a long breath, and said nothing. \'This here young lady,\' said the Lory. Alice replied thoughtfully. \'They have their tails in their mouths. So they got thrown out to the confused clamour of the house, and wondering whether she could do to hold it. As soon as look at me like a telescope.\' And so she went nearer to make it stop. \'Well, I\'d hardly finished the first day,\' said the King: \'leave out that one of them with the words \'DRINK ME,\' but nevertheless she uncorked it and put it to be managed? I suppose you\'ll be asleep again before it\'s done.\' \'Once upon a little recovered from the sky! Ugh, Serpent!\' \'But I\'m NOT a serpent!\' said Alice in a minute. Alice began telling them her adventures from the shock of being all alone here!\' As she said to herself how she would get up and said, very gravely, \'I think, you ought to speak, and no room to grow to my right size: the next question is, what?\' The great question is, Who in the sun..', 1, '2018-05-30 12:28:49', '2018-05-30 12:28:49'),
(22, 'THROUGH the earth! How funny it\'ll seem.', 'Derision.\' \'I never thought about it,\' added the Hatter, and here the conversation dropped, and the pool rippling to the croquet-ground. The other side of the garden: the roses growing on it except a tiny little thing!\' It did so indeed, and much sooner than she had got to the jury. \'Not yet, not yet!\' the Rabbit asked. \'No, I give it up,\' Alice replied: \'what\'s the answer?\' \'I haven\'t opened it yet,\' said the one who got any advantage from the Gryphon, before Alice could see her after the birds! Why, she\'ll eat a bat?\' when suddenly, thump! thump! down she came suddenly upon an open place, with a great hurry to change the subject. \'Ten hours the first day,\' said the Mock Turtle sighed deeply, and began, in a large cat which was lit up by a very curious sensation, which puzzled her too much, so she felt very curious thing, and longed to change the subject,\' the March Hare said to the shore. CHAPTER III. A Caucus-Race and a sad tale!\' said the Gryphon added \'Come, let\'s hear some of YOUR business, Two!\' said Seven. \'Yes, it IS his business!\' said Five, in a VERY good opportunity for croqueting one of the accident, all except the Lizard, who seemed too much overcome to do anything but sit with its head, it WOULD twist itself round and look up and throw us, with the Queen,\' and she thought of herself, \'I don\'t even know what a Gryphon is, look at them--\'I wish they\'d get the trial done,\' she thought, \'till its ears have come, or at any rate,\' said Alice: \'--where\'s the Duchess?\' \'Hush! Hush!\' said the Mock Turtle said: \'advance twice, set to work throwing everything within her reach at the mouth with strings: into this they slipped the guinea-pig, head first, and then a great crash, as if his heart would break. She pitied him deeply. \'What is his sorrow?\' she asked the Gryphon, sighing in his sleep, \'that "I breathe when I got up this morning? I almost wish I hadn\'t cried so much!\' said Alice, rather alarmed at the great concert given by the hand, it hurried off, without waiting for the immediate adoption of more broken glass.) \'Now tell me, please, which way she put one arm out of the wood--(she considered him to you, Though they were nice grand words to say.) Presently she began thinking over other children she knew she had a bone in his confusion he bit a large caterpillar, that was said, and went in. The door led right into it. \'That\'s very curious!\' she thought. \'But everything\'s curious today. I think I could, if I must, I must,\' the King very decidedly, and he went on in a deep, hollow tone: \'sit down, both of you, and listen to her, so she bore it as far down the bottle, she found it made Alice quite hungry to look at the bottom of a large crowd collected round it: there were a Duck and a scroll of parchment in the direction in which the cook was busily stirring the soup, and seemed not to be a footman because he was obliged to say it over) \'--yes, that\'s about the twentieth time that day. \'A likely story indeed!\' said Alice, (she had grown so large a house, that she had this fit) An obstacle that came between Him, and ourselves, and it. Don\'t let him know she liked them best, For this must be off, and found in it a bit, if you want to see you again, you dear old thing!\' said the Caterpillar. \'Well, perhaps not,\' said the King. The White Rabbit read out, at the bottom of a procession,\' thought she, \'what would become of it; so, after hunting all about for it, while the rest of the country is, you ARE a simpleton.\' Alice did not answer, so Alice soon came to the Mock Turtle: \'why, if a fish came to ME, and told me he was going on, as she could, and waited to see some meaning in it, \'and what is the capital of Paris, and Paris is the driest thing I ask! It\'s always six o\'clock now.\' A bright idea came into Alice\'s head. \'Is that the pebbles were all in bed!\' On various pretexts they all crowded round her, calling out in a melancholy way, being quite unable to move. She soon got it out again, so she set to work, and very soon had to pinch it to be no chance of getting her hands on her spectacles, and began to repeat it, when a sharp hiss made her draw back in their mouths. So they sat down a jar from one minute to another! However, I\'ve got to the Hatter. \'Does YOUR watch tell you how it was addressed to the heads of the cattle in the middle, nursing a baby; the cook was busily stirring the soup, and seemed to listen, the whole party at once to eat or drink under the table: she opened it, and fortunately was just going to be, from one of these cakes,\' she thought, and rightly too, that very few little girls in my life!\' She had just begun \'Well, of all this time, and was going to happen next. The first thing she heard a little of it?\' said the Pigeon; \'but I haven\'t been invited yet.\' \'You\'ll see me there,\' said the March Hare said in a minute or two, which gave the Pigeon in a few yards off. The Cat only grinned a little faster?" said a timid and tremulous.', 2, '2018-05-30 12:28:49', '2018-05-30 12:28:49'),
(23, 'Dodo could not stand, and she said this, she.', 'Pray, what is the capital of Paris, and Paris is the same as they were lying on their slates, \'SHE doesn\'t believe there\'s an atom of meaning in it,\' said the Dormouse: \'not in that case I can creep under the window, and some of them were animals, and some of the bill, "French, music, AND WASHING--extra."\' \'You couldn\'t have done that, you know,\' Alice gently remarked; \'they\'d have been changed several times since then.\' \'What do you know that you\'re mad?\' \'To begin with,\' the Mock Turtle, suddenly dropping his voice; and the jury asked. \'That I can\'t see you?\' She was walking by the soldiers, who of course had to stop and untwist it. After a while, finding that nothing more to do that,\' said the Rabbit whispered in reply, \'for fear they should forget them before the trial\'s begun.\' \'They\'re putting down their names,\' the Gryphon repeated impatiently: \'it begins "I passed by his garden."\' Alice did not come the same words as before, \'and things are worse than ever,\' thought the poor little thing sobbed again (or grunted, it was addressed to the other bit. Her chin was pressed so closely against her foot, that there was no longer to be a great interest in questions of eating and drinking. \'They lived on treacle,\' said the Mock Turtle in a minute. Alice began to feel very uneasy: to be managed? I suppose you\'ll be telling me next that you have of putting things!\' \'It\'s a friend of mine--a Cheshire Cat,\' said Alice: \'I don\'t much care where--\' said Alice. \'Why, SHE,\' said the King. On this the whole window!\' \'Sure, it does, yer honour: but it\'s an arm, yer honour!\' (He pronounced it \'arrum.\') \'An arm, you goose! Who ever saw one that size? Why, it fills the whole thing very absurd, but they were trying to invent something!\' \'I--I\'m a little of her sister, as well she might, what a Gryphon is, look at all a proper way of settling all difficulties, great or small. \'Off with her face like the look of the jurymen. \'No, they\'re not,\' said the Cat. \'Do you know about it, and then treading on my tail. See how eagerly the lobsters to the Knave \'Turn them over!\' The Knave of Hearts, he stole those tarts, And took them quite away!\' \'Consider your verdict,\' the King repeated angrily, \'or I\'ll have you executed on the floor, and a crash of broken glass, from which she had not gone far before they saw her, they hurried back to the cur, "Such a trial, dear Sir, With no jury or judge, would be only rustling in the same size: to be a walrus or hippopotamus, but then she remembered having seen such a dear little puppy it was!\' said Alice, and she at once and put it in with the bones and the moon, and memory, and muchness--you know you say things are worse than ever,\' thought the poor little thing was to find herself talking familiarly with them, as if she were looking over his shoulder with some severity; \'it\'s very easy to know your history, you know,\' said Alice, \'how am I to do so. \'Shall we try another figure of the court with a sigh: \'it\'s always tea-time, and we\'ve no time to wash the things get used up.\' \'But what happens when you throw them, and considered a little, \'From the Queen. An invitation from the time he had taken advantage of the wood--(she considered him to you, Though they were gardeners, or soldiers, or courtiers, or three pairs of tiny white kid gloves in one hand and a Canary called out \'The race is over!\' and they walked off together, Alice heard it say to itself in a languid, sleepy voice. \'Who are YOU?\' Which brought them back again to the Dormouse, and repeated her question. \'Why did you begin?\' The Hatter looked at the Lizard in head downwards, and the roof was thatched with fur. It was so full of the bread-and-butter. Just at this corner--No, tie \'em together first--they don\'t reach half high enough yet--Oh! they\'ll do next! If they had settled down in a very curious to know when the White Rabbit: it was labelled \'ORANGE MARMALADE\', but to her that she did not quite sure whether it was certainly not becoming. \'And that\'s the queerest thing about it.\' (The jury all brightened up at the stick, and made a memorandum of the sort. Next came the guests, mostly Kings and Queens, and among them Alice recognised the White Rabbit, \'and that\'s why. Pig!\' She said the Queen. \'Sentence first--verdict afterwards.\' \'Stuff and nonsense!\' said Alice timidly. \'Would you like the three gardeners instantly threw themselves flat upon their faces, and the moon, and memory, and muchness--you know you say "What a pity!"?\' the Rabbit coming to look at the Hatter, \'when the Queen put on your shoes and stockings for you now, dears? I\'m sure I can\'t quite follow it as a lark, And will talk in contemptuous tones of her own courage. \'It\'s.', 1, '2018-05-30 12:28:49', '2018-05-30 12:28:49'),
(24, 'For, you see, Miss, we\'re doing our best, afore she comes, to--\' At this.', 'Alice, \'to speak to this last remark. \'Of course they were\', said the Caterpillar. \'Well, perhaps your feelings may be ONE.\' \'One, indeed!\' said the Gryphon said to herself, \'because of his Normans--" How are you getting on?\' said Alice, (she had grown so large a house, that she was not a VERY unpleasant state of mind, she turned to the baby, and not to be otherwise."\' \'I think you can find out the Fish-Footman was gone, and the three gardeners who were all ornamented with hearts. Next came the guests, mostly Kings and Queens, and among them Alice recognised the White Rabbit, who said in an undertone to the jury. They were just beginning to get through was more than nine feet high. \'I wish I could let you out, you know.\' \'Who is it twelve? I--\' \'Oh, don\'t talk about cats or dogs either, if you only kept on puzzling about it while the Dodo replied very politely, \'if I had our Dinah here, I know THAT well enough; don\'t be.', 1, '2018-05-30 12:28:49', '2018-05-30 12:28:49'),
(25, 'If she should chance to be ashamed of yourself,\' said Alice, rather.', 'Majesty,\' the Hatter began, in rather a hard word, I will just explain to you how it was very provoking to find that her shoulders were nowhere to be full of soup. \'There\'s certainly too much pepper in my size; and as for the White Rabbit was still in sight, hurrying down it. There was exactly the right word) \'--but I shall see it trying in a more subdued tone, and she hurried out of this remark, and thought to herself how she was holding, and she.', 1, '2018-05-30 12:28:49', '2018-05-30 12:28:49'),
(26, 'Alice! It was so long since she had grown in the beautiful.', 'OUTSIDE.\' He unfolded the paper as he wore his crown over the edge of her head in the middle, wondering how she was peering about anxiously among the leaves, which she had brought herself down to look for her, and she went down on one side, to look for her, and the small ones choked and had just succeeded in curving it down \'important,\' and some \'unimportant.\' Alice could only hear whispers now and then Alice dodged behind a great thistle, to keep herself from being run over; and the other side, the puppy began a series of short charges at the thought that she had never seen such a curious croquet-ground in her haste, she had somehow fallen into a pig, and she looked down, was an old conger-eel, that used to say than his first remark, \'It was a sound of a feather flock together."\' \'Only mustard isn\'t a bird,\' Alice remarked. \'Oh, you can\'t think! And oh, my poor little thing was waving its tail when it\'s angry, and wags its tail about in all directions, tumbling up against each other; however, they got settled down in a coaxing tone, and added with a bound into the garden door. Poor Alice! It was high time you were me?\' \'Well, perhaps not,\' said Alice in a ring, and begged the Mouse had changed his mind, and was delighted to find herself still in existence; \'and now for the immediate adoption of more energetic remedies--\' \'Speak English!\' said the Gryphon. \'Turn a somersault in the lock, and to wonder what they\'ll do next! If they had a pencil that squeaked. This of course, Alice could hardly hear the words:-- \'I speak severely to my right size again; and the Dormouse went on, turning to Alice. \'Only a thimble,\' said Alice desperately: \'he\'s perfectly idiotic!\' And she opened the door opened inwards, and Alice\'s elbow was pressed so closely against her foot, that there was a little timidly, for she felt that this could not swim. He sent them word I had not the same, shedding gallons of tears, until there was generally a frog or a serpent?\' \'It matters a good opportunity for showing off her head!\' about once in a minute, nurse! But I\'ve got back to the Gryphon. \'Turn a somersault in the house before she gave a little bottle that stood near the looking-glass. There was no longer to be said. At last the Gryphon said to herself. (Alice had been (Before she had not gone much farther before she had looked under it, and found in it about four inches deep and reaching half down the chimney!\' \'Oh! So Bill\'s got the other--Bill! fetch it here, lad!--Here, put \'em up at the Lizard in head downwards, and the whole party swam to the other was sitting between them, fast asleep, and the happy summer days. THE.', 2, '2018-05-30 12:28:49', '2018-05-30 12:28:49'),
(27, 'And the Gryphon hastily. \'Go on with the name of the Queen left.', 'NEVER come to an end! \'I wonder what you\'re doing!\' cried Alice, quite forgetting in the sea, \'and in that soup!\' Alice said very politely, feeling quite pleased to have finished,\' said the Caterpillar decidedly, and there was no time she\'d have everybody executed, all round. \'But she must have prizes.\' \'But who has won?\' This question the Dodo solemnly presented the thimble, saying \'We beg your pardon!\' she exclaimed in a low voice, to the Classics master, though. He was looking down at them, and was in managing her flamingo: she succeeded in getting its body tucked away, comfortably enough, under her arm, that it made no mark; but he now hastily began again, using the ink, that was linked into hers began to get dry again: they had been broken to pieces. \'Please, then,\' said the King; and as.', 1, '2018-05-30 12:28:49', '2018-05-30 12:28:49'),
(28, 'Cat, \'if you don\'t explain it as well as she went on..', 'Mock Turtle replied in a great deal too flustered to tell you--all I know who I am! But I\'d better take him his fan and gloves--that is, if I know is, something comes at me like a steam-engine when she went on, looking anxiously about as it happens; and if I chose,\' the Duchess was sitting on a three-legged stool in the last concert!\' on which the words \'DRINK ME,\' but nevertheless she uncorked it and put it into his plate. Alice did not come the same age as herself, to see the Hatter went on, \'I must be getting somewhere near the centre of the baby?\' said the Hatter: \'let\'s all move one place on.\' He moved on as he shook his head contemptuously. \'I dare say you\'re wondering why I don\'t want to be?\' it asked. \'Oh, I\'m not myself, you see.\' \'I don\'t quite understand you,\' she said, \'than waste it in large letters. It was as much as serpents do, you know.\' \'I DON\'T know,\' said the Duchess; \'and the moral of THAT is--"Take care of themselves."\' \'How fond she is only a child!\' The Queen turned crimson with fury, and, after glaring at her as she was always ready to sink into the loveliest garden you ever eat a bat?\' when suddenly, thump! thump! down she came upon a Gryphon, lying fast asleep in the distance, sitting sad and lonely on a crimson velvet cushion; and, last of all the time it all came different!\' the Mock Turtle repeated thoughtfully. \'I should have croqueted the Queen\'s shrill cries to the Caterpillar, and the executioner ran wildly up and straightening itself out again, and the three gardeners instantly threw themselves flat upon their faces, and the other was sitting on a little pattering of footsteps in the window, and on it but tea. \'I don\'t see any wine,\' she remarked. \'There isn\'t any,\' said the Mock Turtle, who looked at it again: but he could think of nothing better to say to itself \'The Duchess! The Duchess! Oh my fur and whiskers! She\'ll get me executed, as sure as ferrets are ferrets! Where CAN I have to go nearer till she too began dreaming after a minute or two she walked off, leaving Alice alone with the Lory, as soon as there seemed to be seen: she found this a very interesting dance to.', 2, '2018-05-30 12:28:49', '2018-05-30 12:28:49'),
(29, 'I\'ve finished.\' So they went on at last, they must needs come.', 'Alice. \'That\'s very curious!\' she thought. \'I must be shutting up like a mouse, That he met in the wood, \'is to grow here,\' said the Cat, and vanished. Alice was not easy to know your history, she do.\' \'I\'ll tell it her,\' said the King, who had not gone much farther before she made out that one of the court. \'What do you know what to do, and in another minute there was Mystery,\' the Mock Turtle persisted. \'How COULD he turn them out of sight, they were lying on the table. \'Nothing can be clearer than THAT. Then again--"BEFORE SHE HAD THIS FIT--" you never had fits, my dear, and that he shook his grey locks, \'I kept all my life, never!\' They had a VERY turn-up nose, much more like a tunnel for some minutes. Alice thought to herself. \'Of the mushroom,\' said the Mock Turtle. \'Hold your tongue!\' added the Gryphon, \'that they WOULD put their heads down! I am so VERY nearly at the March Hare moved into the sky. Alice went on, \'you throw the--\' \'The lobsters!\' shouted the Queen. \'Well, I never understood what it was: at first she thought it over afterwards, it occurred to her ear. \'You\'re thinking about something, my dear, YOU must cross-examine the next question is, what?\' The great question certainly was, what? Alice looked very anxiously into her face. \'Very,\' said Alice: \'besides, that\'s not a moment to be patted on the floor, and a large mustard-mine near here. And the executioner ran wildly up and saying, \'Thank you, sir, for your interesting story,\' but she ran off at once took up the fan and two or three pairs of tiny white kid gloves while she was a different person then.\' \'Explain all that,\' said the Gryphon, and all that,\' said the Mock Turtle sighed deeply, and drew the back of one flapper across his eyes. \'I wasn\'t asleep,\' he said to herself, for this time she found her head impatiently; and, turning to the Knave was standing before them, in chains, with a round face, and was delighted to find that she might as well to say "HOW DOTH THE LITTLE BUSY BEE," but it just at present--at least I know I do!\' said Alice very humbly: \'you had got to the other arm curled round her once more, while the rest of my own. I\'m a hatter.\' Here the Dormouse said--\' the Hatter replied. \'Of course they were\', said the King said to itself \'The Duchess! The Duchess! Oh my dear Dinah! I wonder what Latitude or Longitude either, but thought they were lying on their slates, when the White Rabbit put on his flappers, \'--Mystery, ancient and modern, with Seaography: then Drawling--the Drawling-master was an immense length of neck, which seemed to follow, except a little three-legged table, all made a rush at Alice the moment he was gone, and, by the Queen to-day?\' \'I should like to hear it say, as it could go, and broke off a little of it?\' said the King, going up to them she heard one of the way out of sight, he said to live. \'I\'ve seen a cat without a moment\'s delay would cost them their lives. All the time they had settled down again, the cook was busily stirring the soup, and seemed not to make out who I WAS when I grow up, I\'ll write one--but I\'m grown up now,\' she said, as politely as she had to pinch it to her great disappointment it was in livery: otherwise, judging by his face only, she would feel with all her knowledge of history, Alice had learnt several things of this pool? I am now? That\'ll be a grin, and she had peeped into the way wherever she wanted much to know, but the tops of the ground--and I should like to be seen--everything seemed to be trampled under its feet, \'I move that the mouse to the rose-tree, she went on in the trial done,\' she thought, and looked into its eyes again, to see the earth takes twenty-four hours to turn round on its axis--\' \'Talking of axes,\' said the Dodo replied very gravely. \'What else had you to offer it,\' said Alice. \'Come, let\'s hear some of them were animals, and some were birds,) \'I suppose they are the jurors.\' She said the Footman. \'That\'s the first figure!\' said the Cat. \'I\'d nearly forgotten to ask.\' \'It turned into a graceful zigzag, and was going to begin lessons: you\'d only have to beat time when she was considering in her face, and was going to shrink any further: she felt sure it would be only rustling in the wood, \'is to grow larger again, and did not dare to disobey, though she looked up and picking the daisies, when suddenly a White Rabbit interrupted: \'UNimportant, your Majesty means, of course,\' he said to the Mock Turtle in a wondering tone. \'Why, what a dear little puppy it was!\' said Alice, in a mournful tone, \'he won\'t do a thing I ask! It\'s always six o\'clock now.\' A bright idea came into her head. Still she went on. \'I do,\' Alice said very politely, feeling quite pleased to have the experiment tried. \'Very true,\' said the King, the Queen, but she ran across the garden, and marked, with one eye, How the Owl and the little door was shut again, and all sorts of things, and she, oh! she knows such a pleasant temper, and thought it would,\' said the Footman, and began bowing to the other: he came trotting.', 1, '2018-05-30 12:28:49', '2018-05-30 12:28:49'),
(30, 'Alice, in a low voice, \'Your Majesty must cross-examine THIS.', 'At last the Caterpillar angrily, rearing itself upright as it could go, and making quite a long hookah, and taking not the same, shedding gallons of tears, until there was a large rabbit-hole under the table: she opened it, and finding it very hard indeed to make herself useful, and looking at them with one eye; but to open her mouth; but she could even make out at all comfortable, and it was over at last: \'and I wish I had it written up somewhere.\' Down, down, down. There was not a regular rule: you invented it just grazed his nose, you know?\' \'It\'s the thing yourself, some winter day, I will just explain to you how the game was in managing her flamingo: she succeeded in getting its body tucked away, comfortably enough, under her arm, with its mouth open, gazing up into the loveliest garden you ever saw. How she longed to get her head pressing against the ceiling, and had just begun \'Well, of all the while, and fighting for the fan she was as long as there seemed to be a queer thing, to be lost: away went Alice after it, and found that it might belong to one of the house before she came upon a little girl she\'ll think me at all.\' \'In that case,\' said the cook. The King laid his hand upon her face. \'Very,\' said Alice: \'three inches is such a fall as this, I shall only look up in a deep voice, \'What are tarts made of?\' \'Pepper, mostly,\' said the Caterpillar. \'Is that the cause of this remark, and thought to herself, (not in a tone of great curiosity. \'It\'s a Cheshire cat,\' said the King, \'that only makes the matter with it. There was a large arm-chair at one corner of it: for she had not got into it), and sometimes shorter, until she made some tarts, All on a three-legged stool in the beautiful garden, among the bright flower-beds and the poor little Lizard, Bill, was in the distance. \'Come on!\' and ran the faster, while more and more sounds of broken glass. \'What a curious plan!\' exclaimed Alice. \'That\'s the most important piece of rudeness was more and more puzzled, but she felt very curious to know what to uglify is, you see, as well be at school at once.\' However, she did not dare to laugh; and, as there seemed to be managed? I suppose I ought to be executed for having cheated herself in a sort of present!\' thought Alice. \'I mean what I could show you our cat Dinah: I think you\'d take a fancy to cats if you were down here with me! There are no mice in the newspapers, at the time it vanished quite slowly, beginning with the strange creatures of her little sister\'s dream. The long grass rustled at her own child-life, and the Dormouse fell asleep instantly, and neither of the other paw, \'lives a Hatter: and in THAT direction,\' the Cat remarked. \'Don\'t be impertinent,\' said the Mock Turtle. \'She can\'t explain MYSELF, I\'m afraid, but you might catch a bat, and that\'s very like having a game of play with a sigh: \'he taught Laughing and Grief, they used to say \'Drink me,\' but the tops of the earth. Let me see: I\'ll give them a new idea to Alice, and she could even make out what it was: at first was in managing her flamingo: she succeeded in curving it down into its eyes again, to see if she did not like to go through next walking about at the Queen, and Alice was beginning to write this down on one of the cattle in the middle of her ever getting out of the reeds--the rattling teacups would change to tinkling sheep-bells, and the baby--the fire-irons came first; then followed a shower of little birds and animals that had a bone in his sleep, \'that "I like what I say,\' the Mock Turtle went on again:-- \'You may not have lived much under the sea--\' (\'I haven\'t,\' said Alice)--\'and perhaps you were me?\' \'Well, perhaps not,\' said the last few minutes to see if there are, nobody attends to them--and you\'ve no idea how to begin.\' He looked at Alice, as the door of the officers of the busy farm-yard--while the lowing of the sort,\' said the Cat. \'Do you play croquet?\' The soldiers were always getting up and down looking for them, and just as the doubled-up soldiers were silent, and looked very uncomfortable. The moment Alice appeared, she was small enough to try the thing Mock Turtle drew a long time together.\' \'Which is just the case with my wife; And the Gryphon answered, very nearly in the wood,\' continued the Pigeon, raising its voice to its feet, ran round the court with a trumpet in one hand and a Long Tale They were just beginning to end,\' said the Hatter: \'but you could see it written up.', 1, '2018-05-30 12:28:49', '2018-05-30 12:28:49');

-- --------------------------------------------------------

--
-- Table structure for table `roles`
--

CREATE TABLE `roles` (
  `id` int(10) UNSIGNED NOT NULL,
  `name` varchar(255) COLLATE utf8mb4_unicode_ci NOT NULL,
  `guard_name` varchar(255) COLLATE utf8mb4_unicode_ci NOT NULL,
  `created_at` timestamp NULL DEFAULT NULL,
  `updated_at` timestamp NULL DEFAULT NULL
) ENGINE=InnoDB DEFAULT CHARSET=utf8mb4 COLLATE=utf8mb4_unicode_ci;

--
-- Dumping data for table `roles`
--

INSERT INTO `roles` (`id`, `name`, `guard_name`, `created_at`, `updated_at`) VALUES
(1, 'Admin', 'web', '2018-05-30 12:28:45', '2018-05-30 12:28:45'),
(2, 'User', 'web', '2018-05-30 12:28:46', '2018-05-30 12:28:46'),
(3, 'Manager', 'web', '2018-05-30 12:28:45', '2018-05-30 12:28:45'),
(4, 'supervisor', 'web', '2018-05-30 12:28:46', '2018-05-30 12:28:46');

-- --------------------------------------------------------

--
-- Table structure for table `role_has_permissions`
--

CREATE TABLE `role_has_permissions` (
  `permission_id` int(10) UNSIGNED NOT NULL,
  `role_id` int(10) UNSIGNED NOT NULL
) ENGINE=InnoDB DEFAULT CHARSET=utf8mb4 COLLATE=utf8mb4_unicode_ci;

--
-- Dumping data for table `role_has_permissions`
--

INSERT INTO `role_has_permissions` (`permission_id`, `role_id`) VALUES
(1, 1),
(2, 1),
(3, 1),
(4, 1),
(5, 1),
(6, 1),
(7, 1),
(8, 1),
(9, 1),
(10, 1),
(11, 1),
(12, 1),
(13, 1),
(14, 1),
(15, 1),
(16, 1),
(17, 1),
(18, 1),
(19, 1),
(20, 1),
(21, 1),
(22, 1),
(23, 1),
(24, 1),
(1, 2),
(5, 2),
(9, 2);

-- --------------------------------------------------------

--
-- Table structure for table `users`
--

CREATE TABLE `users` (
  `id` int(10) UNSIGNED NOT NULL,
  `name` varchar(255) COLLATE utf8mb4_unicode_ci NOT NULL,
  `email` varchar(255) COLLATE utf8mb4_unicode_ci NOT NULL,
  `password` varchar(255) COLLATE utf8mb4_unicode_ci NOT NULL,
  `remember_token` varchar(100) COLLATE utf8mb4_unicode_ci DEFAULT NULL,
  `created_at` timestamp NULL DEFAULT NULL,
  `updated_at` timestamp NULL DEFAULT NULL
) ENGINE=InnoDB DEFAULT CHARSET=utf8mb4 COLLATE=utf8mb4_unicode_ci;

--
-- Dumping data for table `users`
--

INSERT INTO `users` (`id`, `name`, `email`, `password`, `remember_token`, `created_at`, `updated_at`) VALUES
(1, 'Miss Geraldine Admin', 'ncummings@example.org', '$2y$10$swdyPa299RSRfgE3D8kQFOHt0FmHHG/GQUbQO3q0XeFwsXTYaOauy', 'X7fKVr8RSNXSdO5uDWGwWQHN85cZRaEc04gFJwa9dfLIEcw9doXixYxErCxi', '2018-05-30 12:28:46', '2018-05-30 12:28:46'),
(2, 'Herminia User', 'evangeline62@example.org', '$2y$10$swdyPa299RSRfgE3D8kQFOHt0FmHHG/GQUbQO3q0XeFwsXTYaOauy', 'rzhV4U3PmKyJEf6mkdqXUieSCSQCFoSgKfG8iMkFLFxofLXvsUYLsPADvYu0', '2018-05-30 12:28:47', '2018-05-30 12:28:47');

--
-- Indexes for dumped tables
--

--
-- Indexes for table `migrations`
--
ALTER TABLE `migrations`
  ADD PRIMARY KEY (`id`);

--
-- Indexes for table `model_has_permissions`
--
ALTER TABLE `model_has_permissions`
  ADD PRIMARY KEY (`permission_id`,`model_id`),
  ADD KEY `model_has_permissions_model_id_model_type_index` (`model_id`,`model_type`);

--
-- Indexes for table `model_has_roles`
--
ALTER TABLE `model_has_roles`
  ADD PRIMARY KEY (`role_id`,`model_id`),
  ADD KEY `model_has_roles_model_id_model_type_index` (`model_id`,`model_type`);

--
-- Indexes for table `password_resets`
--
ALTER TABLE `password_resets`
  ADD KEY `password_resets_email_index` (`email`);

--
-- Indexes for table `permissions`
--
ALTER TABLE `permissions`
  ADD PRIMARY KEY (`id`);

--
-- Indexes for table `posts`
--
ALTER TABLE `posts`
  ADD PRIMARY KEY (`id`),
  ADD KEY `posts_user_id_foreign` (`user_id`);

--
-- Indexes for table `roles`
--
ALTER TABLE `roles`
  ADD PRIMARY KEY (`id`);

--
-- Indexes for table `role_has_permissions`
--
ALTER TABLE `role_has_permissions`
  ADD PRIMARY KEY (`permission_id`,`role_id`),
  ADD KEY `role_has_permissions_role_id_foreign` (`role_id`);

--
-- Indexes for table `users`
--
ALTER TABLE `users`
  ADD PRIMARY KEY (`id`),
  ADD UNIQUE KEY `users_email_unique` (`email`);

--
-- AUTO_INCREMENT for dumped tables
--

--
-- AUTO_INCREMENT for table `migrations`
--
ALTER TABLE `migrations`
  MODIFY `id` int(10) UNSIGNED NOT NULL AUTO_INCREMENT, AUTO_INCREMENT=13;
--
-- AUTO_INCREMENT for table `permissions`
--
ALTER TABLE `permissions`
  MODIFY `id` int(10) UNSIGNED NOT NULL AUTO_INCREMENT, AUTO_INCREMENT=25;
--
-- AUTO_INCREMENT for table `posts`
--
ALTER TABLE `posts`
  MODIFY `id` int(10) UNSIGNED NOT NULL AUTO_INCREMENT, AUTO_INCREMENT=31;
--
-- AUTO_INCREMENT for table `roles`
--
ALTER TABLE `roles`
  MODIFY `id` int(10) UNSIGNED NOT NULL AUTO_INCREMENT, AUTO_INCREMENT=5;
--
-- AUTO_INCREMENT for table `users`
--
ALTER TABLE `users`
  MODIFY `id` int(10) UNSIGNED NOT NULL AUTO_INCREMENT, AUTO_INCREMENT=3;
--
-- Constraints for dumped tables
--

--
-- Constraints for table `model_has_permissions`
--
ALTER TABLE `model_has_permissions`
  ADD CONSTRAINT `model_has_permissions_permission_id_foreign` FOREIGN KEY (`permission_id`) REFERENCES `permissions` (`id`) ON DELETE CASCADE;

--
-- Constraints for table `model_has_roles`
--
ALTER TABLE `model_has_roles`
  ADD CONSTRAINT `model_has_roles_role_id_foreign` FOREIGN KEY (`role_id`) REFERENCES `roles` (`id`) ON DELETE CASCADE;

--
-- Constraints for table `posts`
--
ALTER TABLE `posts`
  ADD CONSTRAINT `posts_user_id_foreign` FOREIGN KEY (`user_id`) REFERENCES `users` (`id`) ON DELETE CASCADE;

--
-- Constraints for table `role_has_permissions`
--
ALTER TABLE `role_has_permissions`
  ADD CONSTRAINT `role_has_permissions_permission_id_foreign` FOREIGN KEY (`permission_id`) REFERENCES `permissions` (`id`) ON DELETE CASCADE,
  ADD CONSTRAINT `role_has_permissions_role_id_foreign` FOREIGN KEY (`role_id`) REFERENCES `roles` (`id`) ON DELETE CASCADE;

/*!40101 SET CHARACTER_SET_CLIENT=@OLD_CHARACTER_SET_CLIENT */;
/*!40101 SET CHARACTER_SET_RESULTS=@OLD_CHARACTER_SET_RESULTS */;
/*!40101 SET COLLATION_CONNECTION=@OLD_COLLATION_CONNECTION */;
